Sr No*,Transaction Number*,Transaction Date(mm/dd/yyyy),PO No*,Amount*,Type(Price/Tax),PO Line No,Part #,Quantity,Item Description,Card type,Card No,Invoice no,Match Status,Comments
,TRN00046985,01/17/2014,PO/14/165,299.99,Price,2,3249877,10,Keyboard,Visa,4.02E+15,1967427332,,
,TRN00578217,01/17/2014,PO/14/164,2.21,Price,1,,20,,Visa,4.02E+15,1967427037,,
,TRN00046985,01/17/2014,PO/14/165,15.59,Tax,2,5749877,,,Visa,4.02E+15,4967347037,,
,TRN00046985,01/17/2014,PO/14/165,50,Price,1,,,Service charges,Visa,4.02E+15,2967427032,,
,TRN00063241,01/17/2014,PO/14/166,696.3,Tax,,,,,,,7967422837,,
,TRN91068019,01/17/2014,PO/14/167,26.65,Price,,,,"PAPER,ROLL,TOWEL",Master Card,5.53E+15,,,
,TRN00046985,01/17/2014,PO/14/165,15,Price,,,,Shipping amount,,,,,
