<?xml version="1.0" encoding="UTF-8" standalone="no" ?>
<CORECONSTANTS>
	<CONFIG_FILE_PATH>/config/config.properties</CONFIG_FILE_PATH>
	<SYS_CONFIG_FILE_PATH>/config/system.properties</SYS_CONFIG_FILE_PATH>
	<LANG_CONFIG_FILE_PATH>/config/language.properties</LANG_CONFIG_FILE_PATH>
	
	<WIN_CHROME_DRIVER_PATH>/drivers/chromedriver.exe</WIN_CHROME_DRIVER_PATH>
    <WIN_GECKO_DRIVER_PATH>/drivers/geckodriver.exe</WIN_GECKO_DRIVER_PATH>
	<EXTENT_REPORTS_PATH>/Reports</EXTENT_REPORTS_PATH>
	<HIGHEST>180</HIGHEST>
	<VERYHIGH>120</VERYHIGH>
	<HIGH>60</HIGH>
	<MEDIUM>30</MEDIUM>
	<FAIR>20</FAIR>
	<LOW>15</LOW>
	<BASE>10</BASE>
	<LOWEST>5</LOWEST>
	<UNIT>1</UNIT>
    <HIGHINMILLISEC>60000</HIGHINMILLISEC>
    <FAIRINMILLISEC>20000</FAIRINMILLISEC>
	<BASEINMILISEC>10000</BASEINMILISEC>
	<MEDIUMINMILISEC>5000</MEDIUMINMILISEC>
	<LOWESTINMILISEC>3000</LOWESTINMILISEC>
    <UNITINMILLISEC>1000</UNITINMILLISEC>
	<REPORT_LOG_FILE_NAME>run_log.csv</REPORT_LOG_FILE_NAME>
	<REPORT_LOG_FILE_PATH>\Reports</REPORT_LOG_FILE_PATH>
	<SCREEN_SHOT_PATH>/FailedTestScreenshots/</SCREEN_SHOT_PATH>
    <SCREEN_SHOT_NAME>ScriptName_Env_App_Firm_Date</SCREEN_SHOT_NAME>
    <DEFAULTDOWNLOADFOLDER>/Downloads</DEFAULTDOWNLOADFOLDER>
    <UPLOADFILESPATH>/Attachments</UPLOADFILESPATH>
    <!-- <PASSWORDMANAGERURL>https://dummy2142.zycus.net:7272/PassTrixMain.cc</PASSWORDMANAGERURL> -->
 	<PASSWORDMANAGERURL>https://passmanager.zycus.com/PassTrixMain.cc</PASSWORDMANAGERURL> 
    <CREDENTIALSDATASHEETPATH>/Datasheet/Generic/Credentials.xlsx</CREDENTIALSDATASHEETPATH>
    <PWDMGRCREDENTIALSSHEET>PwdMgrCredentials</PWDMGRCREDENTIALSSHEET>
    <DIRECTLOGINCREDENTIALSSHEET>DirectLoginCredentials</DIRECTLOGINCREDENTIALSSHEET>
    <PRODNAVIGATIONDATASHEETPATHRAINBOW>/Datasheet/Generic/ProductNavigation_Rainbow.xlsx</PRODNAVIGATIONDATASHEETPATHRAINBOW>
    <PRODNAVIGATIONDATASHEETPATHCLASSIC>/Datasheet/Generic/ProductNavigation_Classic.xlsx</PRODNAVIGATIONDATASHEETPATHCLASSIC>
    <EXECUTIONPARAMSSHEETPATH>/Datasheet/Generic/ExecutionParams.xlsx</EXECUTIONPARAMSSHEETPATH>
    <LANGUAGETRANSLATIONSHEETPATH>/Datasheet/Generic/LanguageTranslation.xlsx</LANGUAGETRANSLATIONSHEETPATH>
    <SYSTEMPARAMSSHEETPATH>/Datasheet/Generic/SystemParams.xlsx</SYSTEMPARAMSSHEETPATH>
    <USERACCOUNTPARAMSSHEETPATH>/Datasheet/Generic/UserAccount.xlsx</USERACCOUNTPARAMSSHEETPATH>
</CORECONSTANTS>